<?xml version="1.0" encoding="UTF-8"?><dradis-template><nodes><node><id>1800</id><label>Uploaded files</label><parent-id/><position>0</position><properties><![CDATA[{
}]]></properties><type-id>0</type-id><notes></notes><evidence></evidence><activities></activities></node><node><id>1801</id><label>Summary</label><parent-id/><position>0</position><properties><![CDATA[{
}]]></properties><type-id>0</type-id><notes><note><id>5715</id><author>admin@securityroots.com</author><category-id>7</category-id><text><![CDATA[#[Title]#
High-Level Summary

#[Type]#
Summary

#[Summary]#
John Doe was tasked with performing an internal penetration test towards Offensive Security Labs. An internal penetration test is a dedicated attack against internally connected systems. The focus of this test is to perform attacks, similar to those of a hacker and attempt to infiltrate Offensive Security’s internal lab systems – the THINC.local domain. John’s overall objective was to evaluate the network, identify systems, and exploit flaws while reporting the findings back to Offensive Security.

When performing the internal penetration test, there were several alarming vulnerabilities that were identified on Offensive Security’s network. When performing the attacks, John was able to gain access to multiple machines, primarily due to outdated patches and poor security configurations.  During the testing, John had administrative level access to multiple systems. All systems were successfully exploited and access granted. These systems as well as a brief description on how access was obtained are listed below:

* Lab Trophy 1 – Got in through X
* Lab Trophy 2 – Got in through X
* Lab Trophy 3 – Got in through X
* Exam Trophy 1 – Got in through X
* Exam Trophy 2 – Got in through X

#[Recommendations]#
John recommends patching the vulnerabilities identified during the testing to ensure that an attacker cannot exploit these systems in the future. One thing to remember is that these systems require frequent patching and once patched, should remain on a regular patch program to protect additional vulnerabilities that are discovered at a later date.]]></text><activities><activity><action>create</action><user_email>admin@securityroots.com</user_email><created_at>1472032619</created_at></activity><activity><action>update</action><user_email>admin@securityroots.com</user_email><created_at>1472070355</created_at></activity></activities></note><note><id>5716</id><author>admin@securityroots.com</author><category-id>7</category-id><text><![CDATA[#[Title]#
Methodologies

#[Type]#
Methodologies

#[Summary]#
John utilized a widely adopted approach to performing penetration testing that is effective in testing how well the Offensive Security Labs and Exam environments are secure. Below is a breakout of how John was able to identify and exploit the variety of systems and includes all individual vulnerabilities found.]]></text><activities><activity><action>create</action><user_email>admin@securityroots.com</user_email><created_at>1472032649</created_at></activity><activity><action>update</action><user_email>admin@securityroots.com</user_email><created_at>1472070370</created_at></activity></activities></note><note><id>5717</id><author>admin@securityroots.com</author><category-id>7</category-id><text><![CDATA[#[Title]#
Information Gathering

#[Type]#
InformationGathering

#[Summary]#
The information gathering portion of a penetration test focuses on identifying the scope of the penetration test. During this penetration test, John was tasked with exploiting the lab and exam network. The specific IP addresses were:

*Lab Network*

* 192.168.1.1
* 192.168.1.2
* 192.168.1.3

*Exam Network*

* 172.16.203.133
* 172.16.203.134
* 172.16.203.135
* 172.16.203.136
]]></text><activities><activity><action>create</action><user_email>admin@securityroots.com</user_email><created_at>1472032691</created_at></activity><activity><action>update</action><user_email>admin@securityroots.com</user_email><created_at>1472070363</created_at></activity></activities></note><note><id>5718</id><author>admin@securityroots.com</author><category-id>7</category-id><text><![CDATA[#[Title]#
Service Enumeration

#[Type]#
ServiceEnumeration

#[Summary]#
The service enumeration portion of a penetration test focuses on gathering information about what services are alive on a system or systems. This is valuable for an attacker as it provides detailed information on potential attack vectors into a system. Understanding what applications are running on the system gives an attacker needed information before performing the actual penetration test.  In some cases, some ports may not be listed.

|_. Server IP Address |_. Ports Open |
| 192.168.1.1 | TCP: 21,22,25,80,443 |
| 192.168.1.2 | TCP: 22,55,90,8080,80 |
| 192.168.1.3 | TCP: 1433,3389 |
| 192.168.1.3 | UDP: 1434,161 |

]]></text><activities><activity><action>create</action><user_email>admin@securityroots.com</user_email><created_at>1472032709</created_at></activity><activity><action>update</action><user_email>admin@securityroots.com</user_email><created_at>1472070374</created_at></activity></activities></note><note><id>5719</id><author>admin@securityroots.com</author><category-id>7</category-id><text><![CDATA[#[Title]#
Maintaining Access

#[Type]#
MaintainingAccess

#[Summary]#
Maintaining access to a system is important to us as attackers, ensuring that we can get back into a system after it has been exploited is invaluable. The maintaining access phase of the penetration test focuses on ensuring that once the focused attack has occurred (i.e. a buffer overflow), we have administrative access over the system again. Many exploits may only be exploitable once and we may never be able to get back into a system after we have already performed the exploit. 

John added administrator and root level accounts on all systems compromised. In addition to the administrative/root access, a Metasploit meterpreter service was installed on the machine to ensure that additional access could be established.]]></text><activities><activity><action>create</action><user_email>admin@securityroots.com</user_email><created_at>1472032733</created_at></activity><activity><action>update</action><user_email>admin@securityroots.com</user_email><created_at>1472070367</created_at></activity></activities></note><note><id>5720</id><author>admin@securityroots.com</author><category-id>7</category-id><text><![CDATA[#[Title]#
House Cleaning

#[Type]#
HouseCleaning

#[Summary]#
The house cleaning portions of the assessment ensures that remnants of the penetration test are removed. Often fragments of tools or user accounts are left on an organizations computer which can cause security issues down the road. Ensuring that we are meticulous and no remnants of our penetration test are left over is important.

After the trophies on both the lab network and exam network were completed, John removed all user accounts and passwords as well as the Meterpreter services installed on the system. Offensive Security should not have to remove any user accounts or services from the system.]]></text><activities><activity><action>create</action><user_email>admin@securityroots.com</user_email><created_at>1472032754</created_at></activity><activity><action>update</action><user_email>admin@securityroots.com</user_email><created_at>1472070359</created_at></activity></activities></note><note><id>5721</id><author>admin@securityroots.com</author><category-id>7</category-id><text><![CDATA[#[Title]#
Additional Items

#[Type]#
Appendix

#[Summary]#
This section is placed for any additional items that were not mentioned in the overall report.]]></text><activities><activity><action>create</action><user_email>admin@securityroots.com</user_email><created_at>1472032784</created_at></activity><activity><action>update</action><user_email>admin@securityroots.com</user_email><created_at>1472070349</created_at></activity></activities></note></notes><evidence></evidence><activities><activity><action>create</action><user_email>admin@securityroots.com</user_email><created_at>1472032595</created_at></activity></activities></node><node><id>1802</id><label>Lab Network</label><parent-id/><position>0</position><properties><![CDATA[{
}]]></properties><type-id>0</type-id><notes></notes><evidence></evidence><activities><activity><action>create</action><user_email>admin@securityroots.com</user_email><created_at>1472032807</created_at></activity></activities></node><node><id>1803</id><label>Exam Network</label><parent-id/><position>0</position><properties><![CDATA[{
}]]></properties><type-id>0</type-id><notes></notes><evidence></evidence><activities><activity><action>create</action><user_email>admin@securityroots.com</user_email><created_at>1472032817</created_at></activity></activities></node><node><id>1804</id><label>192.168.1.1</label><parent-id>1802</parent-id><position>0</position><properties><![CDATA[{
}]]></properties><type-id>1</type-id><notes></notes><evidence></evidence><activities><activity><action>create</action><user_email>admin@securityroots.com</user_email><created_at>1472032846</created_at></activity></activities></node><node><id>1805</id><label>192.168.1.2</label><parent-id>1802</parent-id><position>0</position><properties><![CDATA[{
}]]></properties><type-id>1</type-id><notes></notes><evidence></evidence><activities><activity><action>create</action><user_email>admin@securityroots.com</user_email><created_at>1472032860</created_at></activity></activities></node><node><id>1806</id><label>192.168.1.3</label><parent-id>1802</parent-id><position>0</position><properties><![CDATA[{
}]]></properties><type-id>1</type-id><notes></notes><evidence></evidence><activities><activity><action>create</action><user_email>admin@securityroots.com</user_email><created_at>1472032873</created_at></activity></activities></node><node><id>1807</id><label>172.16.203.133</label><parent-id>1803</parent-id><position>0</position><properties><![CDATA[{
}]]></properties><type-id>1</type-id><notes></notes><evidence></evidence><activities><activity><action>create</action><user_email>admin@securityroots.com</user_email><created_at>1472032898</created_at></activity></activities></node><node><id>1808</id><label>172.16.203.134</label><parent-id>1803</parent-id><position>0</position><properties><![CDATA[{
}]]></properties><type-id>1</type-id><notes></notes><evidence></evidence><activities><activity><action>create</action><user_email>admin@securityroots.com</user_email><created_at>1472032906</created_at></activity></activities></node><node><id>1809</id><label>172.16.203.135</label><parent-id>1803</parent-id><position>0</position><properties><![CDATA[{
}]]></properties><type-id>1</type-id><notes></notes><evidence></evidence><activities><activity><action>create</action><user_email>admin@securityroots.com</user_email><created_at>1472032921</created_at></activity></activities></node><node><id>1810</id><label>172.16.203.136</label><parent-id>1803</parent-id><position>0</position><properties><![CDATA[{
}]]></properties><type-id>1</type-id><notes></notes><evidence></evidence><activities><activity><action>create</action><user_email>admin@securityroots.com</user_email><created_at>1472032944</created_at></activity></activities></node></nodes><issues></issues><methodologies></methodologies><categories><category><id>7</id><name>Report category</name></category></categories><tags><tag><id>644</id><name>!9467bd_critical</name><taggings></taggings></tag><tag><id>645</id><name>!d62728_high</name><taggings></taggings></tag><tag><id>646</id><name>!ff7f0e_medium</name><taggings></taggings></tag><tag><id>647</id><name>!6baed6_low</name><taggings></taggings></tag><tag><id>648</id><name>!2ca02c_info</name><taggings></taggings></tag></tags></dradis-template>